model,num_images,avg_preprocess_ms,avg_inference_ms,avg_postprocess_ms,avg_total_ms,fps_estimate,total_detections,avg_detections_per_image,avg_confidence
weights/yolov8n,7,6.22296700021252,10.812356714398318,4.485999142551528,21.521322857162367,46.46554520077731,71,10.142857142857142,0.5271477497799296
weights/yolov8s,7,6.197530571496047,17.342359285716416,4.674786714531365,28.21467657174383,35.442546982851844,71,10.142857142857142,0.5447671379841549
weights/yolov8m,7,6.261217142309761,32.68898128590081,6.006494142638985,44.956692570849555,22.243629208800197,70,10.0,0.5709751674107143
weights/yolo11n,7,5.946126143109203,11.596933571386867,4.378919000633426,21.921978715129494,45.61632017778797,64,9.142857142857142,0.5260388618335128
weights/yolo11s,7,6.1417987141924515,17.65322600009053,4.466725285705512,28.261749999988492,35.38351305210779,72,10.285714285714286,0.5345730251736112
weights/yolo11m,7,5.897521571179303,30.26135900030827,5.8563271426724635,42.01520771416004,23.800905776861796,66,9.428571428571429,0.5599809126420454
weights/yolov10n,7,6.014123857052515,11.453661143345276,1.9439321424995017,19.41171714289729,51.51527773862592,45,6.428571428571429,0.5598198784722223
weights/yolov10s,7,6.021484428596783,18.805769142740505,2.015371714410971,26.84262528574826,37.25418022099861,57,8.142857142857142,0.5793371367872807
weights/yolov10m,7,6.051345999886897,30.608711714583997,2.8620404279666087,39.52209814243751,25.302300409153467,60,8.571428571428571,0.5815633138020834
